Location,Age,Sex,Measure,Metric,Pathogen,Pathogen Type,Infectious syndrome,Year,Value,Upper,Lower
Afghanistan,All Ages,Both sexes,DALYs (Disability-Adjusted Life Years),Rate (per 100k),Mycobacterium tuberculosis,Bacteria,All infectious syndromes,2019,463.0010351556889,639.4681373779752,291.463869898662
Angola,All Ages,Both sexes,DALYs (Disability-Adjusted Life Years),Rate (per 100k),Mycobacterium tuberculosis,Bacteria,All infectious syndromes,2019,1927.6326454602197,2458.2744671717855,1420.9801434241665
Albania,All Ages,Both sexes,DALYs (Disability-Adjusted Life Years),Rate (per 100k),Mycobacterium tuberculosis,Bacteria,All infectious syndromes,2019,11.840251032847009,15.845279501700611,8.747969985068567
Andorra,All Ages,Both sexes,DALYs (Disability-Adjusted Life Years),Rate (per 100k),Mycobacterium tuberculosis,Bacteria,All infectious syndromes,2019,7.6077696275286435,10.173227123108136,5.607503478589713
United Arab Emirates,All Ages,Both sexes,DALYs (Disability-Adjusted Life Years),Rate (per 100k),Mycobacterium tuberculosis,Bacteria,All infectious syndromes,2019,73.30159725623537,122.69734141095213,32.09310230291149
Argentina,All Ages,Both sexes,DALYs (Disability-Adjusted Life Years),Rate (per 100k),Mycobacterium tuberculosis,Bacteria,All infectious syndromes,2019,57.91384884043384,64.36929267402374,52.580310940413
Armenia,All Ages,Both sexes,DALYs (Disability-Adjusted Life Years),Rate (per 100k),Mycobacterium tuberculosis,Bacteria,All infectious syndromes,2019,102.81357785689794,126.01693932949186,83.09814823853253
American Samoa,All Ages,Both sexes,DALYs (Disability-Adjusted Life Years),Rate (per 100k),Mycobacterium tuberculosis,Bacteria,All infectious syndromes,2019,54.629592896579226,69.3462646540697,42.853171423073135
Antigua and Barbuda,All Ages,Both sexes,DALYs (Disability-Adjusted Life Years),Rate (per 100k),Mycobacterium tuberculosis,Bacteria,All infectious syndromes,2019,24.033511045616237,32.86539670843525,17.812357242628195
Australia,All Ages,Both sexes,DALYs (Disability-Adjusted Life Years),Rate (per 100k),Mycobacterium tuberculosis,Bacteria,All infectious syndromes,2019,7.919795962940833,9.919662282732482,6.23778175165358
Austria,All Ages,Both sexes,DALYs (Disability-Adjusted Life Years),Rate (per 100k),Mycobacterium tuberculosis,Bacteria,All infectious syndromes,2019,13.44097118886731,15.182719348450009,11.825512247590277
Azerbaijan,All Ages,Both sexes,DALYs (Disability-Adjusted Life Years),Rate (per 100k),Mycobacterium tuberculosis,Bacteria,All infectious syndromes,2019,306.5955370646359,393.0210610883081,246.57728231713025
Burundi,All Ages,Both sexes,DALYs (Disability-Adjusted Life Years),Rate (per 100k),Mycobacterium tuberculosis,Bacteria,All infectious syndromes,2019,3262.0800730461447,4382.3516805213185,2368.514225356256
Belgium,All Ages,Both sexes,DALYs (Disability-Adjusted Life Years),Rate (per 100k),Mycobacterium tuberculosis,Bacteria,All infectious syndromes,2019,14.702868985379691,16.85304165043824,12.940295468987307
Benin,All Ages,Both sexes,DALYs (Disability-Adjusted Life Years),Rate (per 100k),Mycobacterium tuberculosis,Bacteria,All infectious syndromes,2019,966.5381396666405,1358.1016371515677,676.4846418095767
Burkina Faso,All Ages,Both sexes,DALYs (Disability-Adjusted Life Years),Rate (per 100k),Mycobacterium tuberculosis,Bacteria,All infectious syndromes,2019,1650.7062537086338,2128.4558526510223,1293.4351057439433
Bangladesh,All Ages,Both sexes,DALYs (Disability-Adjusted Life Years),Rate (per 100k),Mycobacterium tuberculosis,Bacteria,All infectious syndromes,2019,633.2443923216683,871.1061137418787,482.9600664106548
Bulgaria,All Ages,Both sexes,DALYs (Disability-Adjusted Life Years),Rate (per 100k),Mycobacterium tuberculosis,Bacteria,All infectious syndromes,2019,54.58752501842115,70.31908240119326,42.035185349978484
Bahrain,All Ages,Both sexes,DALYs (Disability-Adjusted Life Years),Rate (per 100k),Mycobacterium tuberculosis,Bacteria,All infectious syndromes,2019,33.69843298167383,43.67571725608864,26.01921518243776
Bahamas,All Ages,Both sexes,DALYs (Disability-Adjusted Life Years),Rate (per 100k),Mycobacterium tuberculosis,Bacteria,All infectious syndromes,2019,81.84489140134329,104.6514628196067,64.57147388140686
Bosnia and Herzegovina,All Ages,Both sexes,DALYs (Disability-Adjusted Life Years),Rate (per 100k),Mycobacterium tuberculosis,Bacteria,All infectious syndromes,2019,88.00223527111952,110.4938785914606,68.38766035872474
Belarus,All Ages,Both sexes,DALYs (Disability-Adjusted Life Years),Rate (per 100k),Mycobacterium tuberculosis,Bacteria,All infectious syndromes,2019,130.00036726958393,173.40879695072957,97.49710457228394
Belize,All Ages,Both sexes,DALYs (Disability-Adjusted Life Years),Rate (per 100k),Mycobacterium tuberculosis,Bacteria,All infectious syndromes,2019,159.559908658051,188.98300391558033,133.3741872159298
Bermuda,All Ages,Both sexes,DALYs (Disability-Adjusted Life Years),Rate (per 100k),Mycobacterium tuberculosis,Bacteria,All infectious syndromes,2019,12.451272224443661,18.991942007385543,7.852674955319648
Bolivia (Plurinational State of),All Ages,Both sexes,DALYs (Disability-Adjusted Life Years),Rate (per 100k),Mycobacterium tuberculosis,Bacteria,All infectious syndromes,2019,503.68944999889027,655.2520541980906,355.1567722653456
Brazil,All Ages,Both sexes,DALYs (Disability-Adjusted Life Years),Rate (per 100k),Mycobacterium tuberculosis,Bacteria,All infectious syndromes,2019,98.45747455706407,106.00769219611642,92.2662456898742
Barbados,All Ages,Both sexes,DALYs (Disability-Adjusted Life Years),Rate (per 100k),Mycobacterium tuberculosis,Bacteria,All infectious syndromes,2019,22.30610535455492,28.97828827866363,17.466580941985644
Brunei Darussalam,All Ages,Both sexes,DALYs (Disability-Adjusted Life Years),Rate (per 100k),Mycobacterium tuberculosis,Bacteria,All infectious syndromes,2019,136.78909438219566,160.38084905558833,117.13680661293392
Bhutan,All Ages,Both sexes,DALYs (Disability-Adjusted Life Years),Rate (per 100k),Mycobacterium tuberculosis,Bacteria,All infectious syndromes,2019,498.66250470687316,912.3022975163298,309.30167965820715
Botswana,All Ages,Both sexes,DALYs (Disability-Adjusted Life Years),Rate (per 100k),Mycobacterium tuberculosis,Bacteria,All infectious syndromes,2019,1657.9952160169908,2360.800949466244,1127.2394494921828
Central African Republic,All Ages,Both sexes,DALYs (Disability-Adjusted Life Years),Rate (per 100k),Mycobacterium tuberculosis,Bacteria,All infectious syndromes,2019,8177.361708715555,11110.973435904358,5937.878477283848
Canada,All Ages,Both sexes,DALYs (Disability-Adjusted Life Years),Rate (per 100k),Mycobacterium tuberculosis,Bacteria,All infectious syndromes,2019,8.662674135232528,9.933634288908646,7.5390152935133585
Switzerland,All Ages,Both sexes,DALYs (Disability-Adjusted Life Years),Rate (per 100k),Mycobacterium tuberculosis,Bacteria,All infectious syndromes,2019,8.733863240236635,10.147900399492872,7.5263632796016635
Chile,All Ages,Both sexes,DALYs (Disability-Adjusted Life Years),Rate (per 100k),Mycobacterium tuberculosis,Bacteria,All infectious syndromes,2019,63.93356690955815,70.9669170159485,57.53181700999258
CÃ´te d'Ivoire,All Ages,Both sexes,DALYs (Disability-Adjusted Life Years),Rate (per 100k),Mycobacterium tuberculosis,Bacteria,All infectious syndromes,2019,1239.6240602784655,1679.136699702383,851.4974747351287
Cameroon,All Ages,Both sexes,DALYs (Disability-Adjusted Life Years),Rate (per 100k),Mycobacterium tuberculosis,Bacteria,All infectious syndromes,2019,1011.7961060550025,1439.7938236782334,660.5475343775175
Democratic Republic of the Congo,All Ages,Both sexes,DALYs (Disability-Adjusted Life Years),Rate (per 100k),Mycobacterium tuberculosis,Bacteria,All infectious syndromes,2019,2427.741733664927,3366.3189926472705,1785.38761612063
Congo,All Ages,Both sexes,DALYs (Disability-Adjusted Life Years),Rate (per 100k),Mycobacterium tuberculosis,Bacteria,All infectious syndromes,2019,1577.033304798181,2170.9253547338917,1077.8467762991972
Cook Islands,All Ages,Both sexes,DALYs (Disability-Adjusted Life Years),Rate (per 100k),Mycobacterium tuberculosis,Bacteria,All infectious syndromes,2019,63.05036471014963,88.05976390414102,46.98200469274607
Colombia,All Ages,Both sexes,DALYs (Disability-Adjusted Life Years),Rate (per 100k),Mycobacterium tuberculosis,Bacteria,All infectious syndromes,2019,65.06363965254114,85.30868035487788,49.581325570018464
Comoros,All Ages,Both sexes,DALYs (Disability-Adjusted Life Years),Rate (per 100k),Mycobacterium tuberculosis,Bacteria,All infectious syndromes,2019,1703.3365828322226,2242.230019535266,1103.654248106839
Cabo Verde,All Ages,Both sexes,DALYs (Disability-Adjusted Life Years),Rate (per 100k),Mycobacterium tuberculosis,Bacteria,All infectious syndromes,2019,365.1387167947215,487.7707474969309,285.38262279148245
Costa Rica,All Ages,Both sexes,DALYs (Disability-Adjusted Life Years),Rate (per 100k),Mycobacterium tuberculosis,Bacteria,All infectious syndromes,2019,32.358061550847616,43.21024730186954,23.98263345592731
Cuba,All Ages,Both sexes,DALYs (Disability-Adjusted Life Years),Rate (per 100k),Mycobacterium tuberculosis,Bacteria,All infectious syndromes,2019,14.08608690618057,18.777813893194953,10.486894930269068
Cyprus,All Ages,Both sexes,DALYs (Disability-Adjusted Life Years),Rate (per 100k),Mycobacterium tuberculosis,Bacteria,All infectious syndromes,2019,8.257320284003614,9.700212843211196,6.964285364782138
Czechia,All Ages,Both sexes,DALYs (Disability-Adjusted Life Years),Rate (per 100k),Mycobacterium tuberculosis,Bacteria,All infectious syndromes,2019,14.162704789601982,17.91070828872248,11.129449499798387
Germany,All Ages,Both sexes,DALYs (Disability-Adjusted Life Years),Rate (per 100k),Mycobacterium tuberculosis,Bacteria,All infectious syndromes,2019,11.90927870710082,13.6493915485948,10.434930610895252
Djibouti,All Ages,Both sexes,DALYs (Disability-Adjusted Life Years),Rate (per 100k),Mycobacterium tuberculosis,Bacteria,All infectious syndromes,2019,1580.270237727937,2250.8160838965405,1045.4168724654492
Dominica,All Ages,Both sexes,DALYs (Disability-Adjusted Life Years),Rate (per 100k),Mycobacterium tuberculosis,Bacteria,All infectious syndromes,2019,147.89339333068685,188.08529510697662,114.02407385058203
Denmark,All Ages,Both sexes,DALYs (Disability-Adjusted Life Years),Rate (per 100k),Mycobacterium tuberculosis,Bacteria,All infectious syndromes,2019,11.064373500217833,12.735785596208968,9.517052275089979
Dominican Republic,All Ages,Both sexes,DALYs (Disability-Adjusted Life Years),Rate (per 100k),Mycobacterium tuberculosis,Bacteria,All infectious syndromes,2019,316.1327640023905,437.21175012689736,233.46673975315795
Algeria,All Ages,Both sexes,DALYs (Disability-Adjusted Life Years),Rate (per 100k),Mycobacterium tuberculosis,Bacteria,All infectious syndromes,2019,39.11669882920537,49.77879614629688,30.67185046897477
Ecuador,All Ages,Both sexes,DALYs (Disability-Adjusted Life Years),Rate (per 100k),Mycobacterium tuberculosis,Bacteria,All infectious syndromes,2019,165.49505464044313,214.31363765743163,131.1845388553738
Eritrea,All Ages,Both sexes,DALYs (Disability-Adjusted Life Years),Rate (per 100k),Mycobacterium tuberculosis,Bacteria,All infectious syndromes,2019,3145.886446441769,4508.306529332444,2100.1830950316116
Spain,All Ages,Both sexes,DALYs (Disability-Adjusted Life Years),Rate (per 100k),Mycobacterium tuberculosis,Bacteria,All infectious syndromes,2019,16.437271718243675,18.21434425942687,14.707983251453236
Estonia,All Ages,Both sexes,DALYs (Disability-Adjusted Life Years),Rate (per 100k),Mycobacterium tuberculosis,Bacteria,All infectious syndromes,2019,67.68129793508311,89.21792854566294,50.009160078792
Ethiopia,All Ages,Both sexes,DALYs (Disability-Adjusted Life Years),Rate (per 100k),Mycobacterium tuberculosis,Bacteria,All infectious syndromes,2019,1192.6071381258973,1425.6191572729654,981.1406393472071
Finland,All Ages,Both sexes,DALYs (Disability-Adjusted Life Years),Rate (per 100k),Mycobacterium tuberculosis,Bacteria,All infectious syndromes,2019,16.886820636231388,19.52230420713411,14.5221042802416
Fiji,All Ages,Both sexes,DALYs (Disability-Adjusted Life Years),Rate (per 100k),Mycobacterium tuberculosis,Bacteria,All infectious syndromes,2019,173.89946133814598,223.3622585986855,134.91443149028737
France,All Ages,Both sexes,DALYs (Disability-Adjusted Life Years),Rate (per 100k),Mycobacterium tuberculosis,Bacteria,All infectious syndromes,2019,22.64884246672437,26.039266061358582,19.12764369076333
Micronesia (Federated States of),All Ages,Both sexes,DALYs (Disability-Adjusted Life Years),Rate (per 100k),Mycobacterium tuberculosis,Bacteria,All infectious syndromes,2019,461.8521586664935,640.5346496855362,285.44277571498554
Gabon,All Ages,Both sexes,DALYs (Disability-Adjusted Life Years),Rate (per 100k),Mycobacterium tuberculosis,Bacteria,All infectious syndromes,2019,1070.704864268021,1439.2501621359565,733.7369283913588
United Kingdom,All Ages,Both sexes,DALYs (Disability-Adjusted Life Years),Rate (per 100k),Mycobacterium tuberculosis,Bacteria,All infectious syndromes,2019,13.39780228071537,14.477399441986373,12.436719374608503
Georgia,All Ages,Both sexes,DALYs (Disability-Adjusted Life Years),Rate (per 100k),Mycobacterium tuberculosis,Bacteria,All infectious syndromes,2019,212.5549935497936,255.75190378287564,170.62293003812056
Ghana,All Ages,Both sexes,DALYs (Disability-Adjusted Life Years),Rate (per 100k),Mycobacterium tuberculosis,Bacteria,All infectious syndromes,2019,1291.100045825606,1617.439642044966,976.9483573614405
Guinea,All Ages,Both sexes,DALYs (Disability-Adjusted Life Years),Rate (per 100k),Mycobacterium tuberculosis,Bacteria,All infectious syndromes,2019,1520.0053490544788,2054.3344992244006,1099.4487814573622
Gambia,All Ages,Both sexes,DALYs (Disability-Adjusted Life Years),Rate (per 100k),Mycobacterium tuberculosis,Bacteria,All infectious syndromes,2019,1275.7951988533314,1663.6789696748085,920.9183434132998
Guinea-Bissau,All Ages,Both sexes,DALYs (Disability-Adjusted Life Years),Rate (per 100k),Mycobacterium tuberculosis,Bacteria,All infectious syndromes,2019,1619.5343258805738,2166.0325469416266,1214.109584044399
Equatorial Guinea,All Ages,Both sexes,DALYs (Disability-Adjusted Life Years),Rate (per 100k),Mycobacterium tuberculosis,Bacteria,All infectious syndromes,2019,640.7567962516367,1082.087059567534,377.96820067978865
Greece,All Ages,Both sexes,DALYs (Disability-Adjusted Life Years),Rate (per 100k),Mycobacterium tuberculosis,Bacteria,All infectious syndromes,2019,23.280392232513787,25.918325926017637,20.359549084467798
Grenada,All Ages,Both sexes,DALYs (Disability-Adjusted Life Years),Rate (per 100k),Mycobacterium tuberculosis,Bacteria,All infectious syndromes,2019,28.09712254818358,35.018022907036254,22.36017097200283
Greenland,All Ages,Both sexes,DALYs (Disability-Adjusted Life Years),Rate (per 100k),Mycobacterium tuberculosis,Bacteria,All infectious syndromes,2019,133.55578145239545,163.3620764619379,105.20326086161532
Guatemala,All Ages,Both sexes,DALYs (Disability-Adjusted Life Years),Rate (per 100k),Mycobacterium tuberculosis,Bacteria,All infectious syndromes,2019,106.95965220765416,138.13914658307246,81.90119571793127
Guam,All Ages,Both sexes,DALYs (Disability-Adjusted Life Years),Rate (per 100k),Mycobacterium tuberculosis,Bacteria,All infectious syndromes,2019,86.20031833966593,106.62426581642353,68.79811937715115
Guyana,All Ages,Both sexes,DALYs (Disability-Adjusted Life Years),Rate (per 100k),Mycobacterium tuberculosis,Bacteria,All infectious syndromes,2019,335.46003748014164,440.5854202273572,249.7375374393401
Honduras,All Ages,Both sexes,DALYs (Disability-Adjusted Life Years),Rate (per 100k),Mycobacterium tuberculosis,Bacteria,All infectious syndromes,2019,192.1971146574549,280.48933834661193,140.37890801833612
Croatia,All Ages,Both sexes,DALYs (Disability-Adjusted Life Years),Rate (per 100k),Mycobacterium tuberculosis,Bacteria,All infectious syndromes,2019,30.947676985837187,40.34266273701269,23.862305596942004
Haiti,All Ages,Both sexes,DALYs (Disability-Adjusted Life Years),Rate (per 100k),Mycobacterium tuberculosis,Bacteria,All infectious syndromes,2019,518.9858359159717,712.3765459565846,381.9482560708553
Hungary,All Ages,Both sexes,DALYs (Disability-Adjusted Life Years),Rate (per 100k),Mycobacterium tuberculosis,Bacteria,All infectious syndromes,2019,16.55115801141829,21.077069685346856,12.871018667878387
Indonesia,All Ages,Both sexes,DALYs (Disability-Adjusted Life Years),Rate (per 100k),Mycobacterium tuberculosis,Bacteria,All infectious syndromes,2019,1027.8802965840475,1215.9184689028962,878.0450349737664
India,All Ages,Both sexes,DALYs (Disability-Adjusted Life Years),Rate (per 100k),Mycobacterium tuberculosis,Bacteria,All infectious syndromes,2019,1128.4304057191287,1320.4533812904351,960.9582229149383
Ireland,All Ages,Both sexes,DALYs (Disability-Adjusted Life Years),Rate (per 100k),Mycobacterium tuberculosis,Bacteria,All infectious syndromes,2019,13.363561121508985,15.888544142253675,11.035662532000906
Iran (Islamic Republic of),All Ages,Both sexes,DALYs (Disability-Adjusted Life Years),Rate (per 100k),Mycobacterium tuberculosis,Bacteria,All infectious syndromes,2019,32.27733221233208,36.41059043682462,29.489678282028727
Iraq,All Ages,Both sexes,DALYs (Disability-Adjusted Life Years),Rate (per 100k),Mycobacterium tuberculosis,Bacteria,All infectious syndromes,2019,96.4733101895315,130.70483327613775,73.09340854345614
Iceland,All Ages,Both sexes,DALYs (Disability-Adjusted Life Years),Rate (per 100k),Mycobacterium tuberculosis,Bacteria,All infectious syndromes,2019,7.815302459886148,9.223943884619185,6.566222458531768
Israel,All Ages,Both sexes,DALYs (Disability-Adjusted Life Years),Rate (per 100k),Mycobacterium tuberculosis,Bacteria,All infectious syndromes,2019,6.694796221769957,7.707557739213875,5.804091506228503
Italy,All Ages,Both sexes,DALYs (Disability-Adjusted Life Years),Rate (per 100k),Mycobacterium tuberculosis,Bacteria,All infectious syndromes,2019,13.136418112951203,14.58340704463972,11.709685085820697
Jamaica,All Ages,Both sexes,DALYs (Disability-Adjusted Life Years),Rate (per 100k),Mycobacterium tuberculosis,Bacteria,All infectious syndromes,2019,16.82850969154353,22.334342177905697,12.613777655761185
Jordan,All Ages,Both sexes,DALYs (Disability-Adjusted Life Years),Rate (per 100k),Mycobacterium tuberculosis,Bacteria,All infectious syndromes,2019,9.365343982009739,11.506561169601472,7.58895295469678
Japan,All Ages,Both sexes,DALYs (Disability-Adjusted Life Years),Rate (per 100k),Mycobacterium tuberculosis,Bacteria,All infectious syndromes,2019,38.82298274201542,43.01217794272017,32.39109208837514
Kazakhstan,All Ages,Both sexes,DALYs (Disability-Adjusted Life Years),Rate (per 100k),Mycobacterium tuberculosis,Bacteria,All infectious syndromes,2019,210.5893197862886,250.44892580231158,172.59117074211574
Kenya,All Ages,Both sexes,DALYs (Disability-Adjusted Life Years),Rate (per 100k),Mycobacterium tuberculosis,Bacteria,All infectious syndromes,2019,1421.9971259310853,1799.1955088677232,1071.118491036998
Kyrgyzstan,All Ages,Both sexes,DALYs (Disability-Adjusted Life Years),Rate (per 100k),Mycobacterium tuberculosis,Bacteria,All infectious syndromes,2019,313.3178805260414,366.867720413876,266.753355512532
Cambodia,All Ages,Both sexes,DALYs (Disability-Adjusted Life Years),Rate (per 100k),Mycobacterium tuberculosis,Bacteria,All infectious syndromes,2019,1346.6415650760948,1829.6929128002453,971.3109801600212
Kiribati,All Ages,Both sexes,DALYs (Disability-Adjusted Life Years),Rate (per 100k),Mycobacterium tuberculosis,Bacteria,All infectious syndromes,2019,2350.038152307639,3000.618779169398,1823.4838508527848
Saint Kitts and Nevis,All Ages,Both sexes,DALYs (Disability-Adjusted Life Years),Rate (per 100k),Mycobacterium tuberculosis,Bacteria,All infectious syndromes,2019,67.58411889999928,113.6318534646686,38.747846037318304
Republic of Korea,All Ages,Both sexes,DALYs (Disability-Adjusted Life Years),Rate (per 100k),Mycobacterium tuberculosis,Bacteria,All infectious syndromes,2019,109.53336092557784,122.4264584743042,97.74813309794882
Kuwait,All Ages,Both sexes,DALYs (Disability-Adjusted Life Years),Rate (per 100k),Mycobacterium tuberculosis,Bacteria,All infectious syndromes,2019,23.929624802517413,31.287545841458005,18.55454056405625
Lao People's Democratic Republic,All Ages,Both sexes,DALYs (Disability-Adjusted Life Years),Rate (per 100k),Mycobacterium tuberculosis,Bacteria,All infectious syndromes,2019,1145.5724564303578,1508.7230335240636,794.1890476736717
Lebanon,All Ages,Both sexes,DALYs (Disability-Adjusted Life Years),Rate (per 100k),Mycobacterium tuberculosis,Bacteria,All infectious syndromes,2019,32.015416537033474,63.09340121444372,20.31457573658146
Liberia,All Ages,Both sexes,DALYs (Disability-Adjusted Life Years),Rate (per 100k),Mycobacterium tuberculosis,Bacteria,All infectious syndromes,2019,929.8782381343351,1292.298004787874,639.5929273884508
Libya,All Ages,Both sexes,DALYs (Disability-Adjusted Life Years),Rate (per 100k),Mycobacterium tuberculosis,Bacteria,All infectious syndromes,2019,48.821124788231685,67.14523491661114,32.498833086659424
Saint Lucia,All Ages,Both sexes,DALYs (Disability-Adjusted Life Years),Rate (per 100k),Mycobacterium tuberculosis,Bacteria,All infectious syndromes,2019,89.11777734215097,108.64507090586042,73.62132211969259
Sri Lanka,All Ages,Both sexes,DALYs (Disability-Adjusted Life Years),Rate (per 100k),Mycobacterium tuberculosis,Bacteria,All infectious syndromes,2019,140.48022605388442,189.42317867287983,100.85523115000335
Lesotho,All Ages,Both sexes,DALYs (Disability-Adjusted Life Years),Rate (per 100k),Mycobacterium tuberculosis,Bacteria,All infectious syndromes,2019,5624.626393063303,7160.748212869569,4135.319422467191
Lithuania,All Ages,Both sexes,DALYs (Disability-Adjusted Life Years),Rate (per 100k),Mycobacterium tuberculosis,Bacteria,All infectious syndromes,2019,198.002880292427,249.6516925445792,156.19027405471607
Luxembourg,All Ages,Both sexes,DALYs (Disability-Adjusted Life Years),Rate (per 100k),Mycobacterium tuberculosis,Bacteria,All infectious syndromes,2019,7.293011565614067,8.927168991689548,6.061350645114472
Latvia,All Ages,Both sexes,DALYs (Disability-Adjusted Life Years),Rate (per 100k),Mycobacterium tuberculosis,Bacteria,All infectious syndromes,2019,96.95305288567448,123.75203353189586,75.04211613034093
Morocco,All Ages,Both sexes,DALYs (Disability-Adjusted Life Years),Rate (per 100k),Mycobacterium tuberculosis,Bacteria,All infectious syndromes,2019,367.49552810190295,689.6223938897512,265.62839219317175
Monaco,All Ages,Both sexes,DALYs (Disability-Adjusted Life Years),Rate (per 100k),Mycobacterium tuberculosis,Bacteria,All infectious syndromes,2019,42.095696466480675,51.62167919496482,33.77579420749033
Republic of Moldova,All Ages,Both sexes,DALYs (Disability-Adjusted Life Years),Rate (per 100k),Mycobacterium tuberculosis,Bacteria,All infectious syndromes,2019,227.78848153412204,269.87793589559715,188.77073313921755
Madagascar,All Ages,Both sexes,DALYs (Disability-Adjusted Life Years),Rate (per 100k),Mycobacterium tuberculosis,Bacteria,All infectious syndromes,2019,2089.3341862675697,2808.7370049675255,1537.1930873373897
Maldives,All Ages,Both sexes,DALYs (Disability-Adjusted Life Years),Rate (per 100k),Mycobacterium tuberculosis,Bacteria,All infectious syndromes,2019,91.86014000555359,113.0952066362539,75.00694037807935
Mexico,All Ages,Both sexes,DALYs (Disability-Adjusted Life Years),Rate (per 100k),Mycobacterium tuberculosis,Bacteria,All infectious syndromes,2019,79.08829220743567,93.23975095618137,67.20928332310068
Marshall Islands,All Ages,Both sexes,DALYs (Disability-Adjusted Life Years),Rate (per 100k),Mycobacterium tuberculosis,Bacteria,All infectious syndromes,2019,564.8608411208805,771.8190537374858,373.74774073777496
North Macedonia,All Ages,Both sexes,DALYs (Disability-Adjusted Life Years),Rate (per 100k),Mycobacterium tuberculosis,Bacteria,All infectious syndromes,2019,52.59812550123088,66.43444850940689,40.87056119274116
Mali,All Ages,Both sexes,DALYs (Disability-Adjusted Life Years),Rate (per 100k),Mycobacterium tuberculosis,Bacteria,All infectious syndromes,2019,1206.4400292828723,1635.3686051352643,909.4639045478439
Malta,All Ages,Both sexes,DALYs (Disability-Adjusted Life Years),Rate (per 100k),Mycobacterium tuberculosis,Bacteria,All infectious syndromes,2019,7.480384625561292,9.305370229495063,6.072989942490435
Myanmar,All Ages,Both sexes,DALYs (Disability-Adjusted Life Years),Rate (per 100k),Mycobacterium tuberculosis,Bacteria,All infectious syndromes,2019,957.65649400474,1266.2155207878227,708.0484818058102
Montenegro,All Ages,Both sexes,DALYs (Disability-Adjusted Life Years),Rate (per 100k),Mycobacterium tuberculosis,Bacteria,All infectious syndromes,2019,24.480211723232717,30.445330949906662,19.556517391037936
Mongolia,All Ages,Both sexes,DALYs (Disability-Adjusted Life Years),Rate (per 100k),Mycobacterium tuberculosis,Bacteria,All infectious syndromes,2019,562.5286830979168,743.0111629237051,439.4258517581242
Northern Mariana Islands,All Ages,Both sexes,DALYs (Disability-Adjusted Life Years),Rate (per 100k),Mycobacterium tuberculosis,Bacteria,All infectious syndromes,2019,104.04115147873807,128.78817660283295,82.4782730621889
Mozambique,All Ages,Both sexes,DALYs (Disability-Adjusted Life Years),Rate (per 100k),Mycobacterium tuberculosis,Bacteria,All infectious syndromes,2019,3114.0896416322194,4054.708457940185,2320.0860180382874
Mauritania,All Ages,Both sexes,DALYs (Disability-Adjusted Life Years),Rate (per 100k),Mycobacterium tuberculosis,Bacteria,All infectious syndromes,2019,434.7153524856714,643.2942296852432,278.2950659831961
Mauritius,All Ages,Both sexes,DALYs (Disability-Adjusted Life Years),Rate (per 100k),Mycobacterium tuberculosis,Bacteria,All infectious syndromes,2019,48.2114586892506,62.42917450346383,37.136870849675816
Malawi,All Ages,Both sexes,DALYs (Disability-Adjusted Life Years),Rate (per 100k),Mycobacterium tuberculosis,Bacteria,All infectious syndromes,2019,1842.2709210776145,2388.569351097498,1388.682868351629
Malaysia,All Ages,Both sexes,DALYs (Disability-Adjusted Life Years),Rate (per 100k),Mycobacterium tuberculosis,Bacteria,All infectious syndromes,2019,212.50118006830098,270.136562363017,166.31606083410276
Namibia,All Ages,Both sexes,DALYs (Disability-Adjusted Life Years),Rate (per 100k),Mycobacterium tuberculosis,Bacteria,All infectious syndromes,2019,1567.1042047721292,2173.869465972225,1055.354374031533
Niger,All Ages,Both sexes,DALYs (Disability-Adjusted Life Years),Rate (per 100k),Mycobacterium tuberculosis,Bacteria,All infectious syndromes,2019,1282.5985889082742,1750.890455350763,925.6970591255831
Nigeria,All Ages,Both sexes,DALYs (Disability-Adjusted Life Years),Rate (per 100k),Mycobacterium tuberculosis,Bacteria,All infectious syndromes,2019,968.2967361349074,1219.7975138526579,749.5521736167692
Nicaragua,All Ages,Both sexes,DALYs (Disability-Adjusted Life Years),Rate (per 100k),Mycobacterium tuberculosis,Bacteria,All infectious syndromes,2019,87.2761266549193,109.0154037494717,69.57634871007396
Niue,All Ages,Both sexes,DALYs (Disability-Adjusted Life Years),Rate (per 100k),Mycobacterium tuberculosis,Bacteria,All infectious syndromes,2019,144.2218814741602,197.42552777028527,106.94152362757748
Netherlands,All Ages,Both sexes,DALYs (Disability-Adjusted Life Years),Rate (per 100k),Mycobacterium tuberculosis,Bacteria,All infectious syndromes,2019,10.448938436599539,11.89518522242932,9.114539431446861
Norway,All Ages,Both sexes,DALYs (Disability-Adjusted Life Years),Rate (per 100k),Mycobacterium tuberculosis,Bacteria,All infectious syndromes,2019,12.750662983122819,13.940174266089558,11.483772457738738
Nepal,All Ages,Both sexes,DALYs (Disability-Adjusted Life Years),Rate (per 100k),Mycobacterium tuberculosis,Bacteria,All infectious syndromes,2019,837.5766390682301,1036.360935095965,641.8166439891653
Nauru,All Ages,Both sexes,DALYs (Disability-Adjusted Life Years),Rate (per 100k),Mycobacterium tuberculosis,Bacteria,All infectious syndromes,2019,279.48115035799265,387.65579100370843,211.3275262255075
New Zealand,All Ages,Both sexes,DALYs (Disability-Adjusted Life Years),Rate (per 100k),Mycobacterium tuberculosis,Bacteria,All infectious syndromes,2019,10.019698932768849,11.56905554412583,8.738347882449558
Oman,All Ages,Both sexes,DALYs (Disability-Adjusted Life Years),Rate (per 100k),Mycobacterium tuberculosis,Bacteria,All infectious syndromes,2019,21.07643194362559,28.206033286455384,15.733253109326919
Pakistan,All Ages,Both sexes,DALYs (Disability-Adjusted Life Years),Rate (per 100k),Mycobacterium tuberculosis,Bacteria,All infectious syndromes,2019,1353.7035296416077,1703.369997835884,1083.6159051883214
Panama,All Ages,Both sexes,DALYs (Disability-Adjusted Life Years),Rate (per 100k),Mycobacterium tuberculosis,Bacteria,All infectious syndromes,2019,183.3741855044709,247.6994717681652,135.59094913297162
Peru,All Ages,Both sexes,DALYs (Disability-Adjusted Life Years),Rate (per 100k),Mycobacterium tuberculosis,Bacteria,All infectious syndromes,2019,226.8614416322924,313.6558085608059,162.36497762474917
Philippines,All Ages,Both sexes,DALYs (Disability-Adjusted Life Years),Rate (per 100k),Mycobacterium tuberculosis,Bacteria,All infectious syndromes,2019,1024.4737719086727,1218.1610395705493,841.9491645172271
Palau,All Ages,Both sexes,DALYs (Disability-Adjusted Life Years),Rate (per 100k),Mycobacterium tuberculosis,Bacteria,All infectious syndromes,2019,170.7651691028847,222.25125236699023,129.0908236408249
Papua New Guinea,All Ages,Both sexes,DALYs (Disability-Adjusted Life Years),Rate (per 100k),Mycobacterium tuberculosis,Bacteria,All infectious syndromes,2019,749.6562613498146,1060.2379558836628,493.94329259695843
Poland,All Ages,Both sexes,DALYs (Disability-Adjusted Life Years),Rate (per 100k),Mycobacterium tuberculosis,Bacteria,All infectious syndromes,2019,44.36324319570228,53.938690570285864,36.301560424370756
Puerto Rico,All Ages,Both sexes,DALYs (Disability-Adjusted Life Years),Rate (per 100k),Mycobacterium tuberculosis,Bacteria,All infectious syndromes,2019,16.022271526326033,21.29566380757244,12.00243316889464
Democratic People's Republic of Korea,All Ages,Both sexes,DALYs (Disability-Adjusted Life Years),Rate (per 100k),Mycobacterium tuberculosis,Bacteria,All infectious syndromes,2019,457.4065224857881,625.9508291008019,328.3504905305501
Portugal,All Ages,Both sexes,DALYs (Disability-Adjusted Life Years),Rate (per 100k),Mycobacterium tuberculosis,Bacteria,All infectious syndromes,2019,46.99206937268753,52.244882023810725,42.003796002043195
Paraguay,All Ages,Both sexes,DALYs (Disability-Adjusted Life Years),Rate (per 100k),Mycobacterium tuberculosis,Bacteria,All infectious syndromes,2019,136.57997992668942,180.9433573874482,102.9061424699835
Palestine,All Ages,Both sexes,DALYs (Disability-Adjusted Life Years),Rate (per 100k),Mycobacterium tuberculosis,Bacteria,All infectious syndromes,2019,21.97078573135174,31.099974031282716,14.854438307603516
Qatar,All Ages,Both sexes,DALYs (Disability-Adjusted Life Years),Rate (per 100k),Mycobacterium tuberculosis,Bacteria,All infectious syndromes,2019,18.737569873649786,25.825333740989837,13.162265187023573
Romania,All Ages,Both sexes,DALYs (Disability-Adjusted Life Years),Rate (per 100k),Mycobacterium tuberculosis,Bacteria,All infectious syndromes,2019,185.35879269642493,227.37182985657782,147.1398251239804
Russian Federation,All Ages,Both sexes,DALYs (Disability-Adjusted Life Years),Rate (per 100k),Mycobacterium tuberculosis,Bacteria,All infectious syndromes,2019,234.56216899258473,277.81569279361486,197.36063668124123
Rwanda,All Ages,Both sexes,DALYs (Disability-Adjusted Life Years),Rate (per 100k),Mycobacterium tuberculosis,Bacteria,All infectious syndromes,2019,1322.2570395271493,1757.91770468339,950.9290166804041
Saudi Arabia,All Ages,Both sexes,DALYs (Disability-Adjusted Life Years),Rate (per 100k),Mycobacterium tuberculosis,Bacteria,All infectious syndromes,2019,157.62948324790062,216.63955647879405,118.25519773339805
Senegal,All Ages,Both sexes,DALYs (Disability-Adjusted Life Years),Rate (per 100k),Mycobacterium tuberculosis,Bacteria,All infectious syndromes,2019,961.4637296453415,1244.7263099139902,676.8423405070179
Singapore,All Ages,Both sexes,DALYs (Disability-Adjusted Life Years),Rate (per 100k),Mycobacterium tuberculosis,Bacteria,All infectious syndromes,2019,26.250361710239655,30.364683536704916,22.599129914081715
Solomon Islands,All Ages,Both sexes,DALYs (Disability-Adjusted Life Years),Rate (per 100k),Mycobacterium tuberculosis,Bacteria,All infectious syndromes,2019,307.90789925776625,387.53232013192564,239.75510141091087
Sierra Leone,All Ages,Both sexes,DALYs (Disability-Adjusted Life Years),Rate (per 100k),Mycobacterium tuberculosis,Bacteria,All infectious syndromes,2019,1435.5113737926283,2036.0524904870465,992.8301875667421
El Salvador,All Ages,Both sexes,DALYs (Disability-Adjusted Life Years),Rate (per 100k),Mycobacterium tuberculosis,Bacteria,All infectious syndromes,2019,49.88193026291898,65.7653920670305,37.55487145682083
San Marino,All Ages,Both sexes,DALYs (Disability-Adjusted Life Years),Rate (per 100k),Mycobacterium tuberculosis,Bacteria,All infectious syndromes,2019,11.813272908706601,17.404378374687266,7.710990104234091
Somalia,All Ages,Both sexes,DALYs (Disability-Adjusted Life Years),Rate (per 100k),Mycobacterium tuberculosis,Bacteria,All infectious syndromes,2019,4772.349141118507,6928.508390737187,3424.7082504291884
Serbia,All Ages,Both sexes,DALYs (Disability-Adjusted Life Years),Rate (per 100k),Mycobacterium tuberculosis,Bacteria,All infectious syndromes,2019,39.9775939592459,50.555517818360975,30.92061023007587
South Sudan,All Ages,Both sexes,DALYs (Disability-Adjusted Life Years),Rate (per 100k),Mycobacterium tuberculosis,Bacteria,All infectious syndromes,2019,2180.344550085888,3011.380963920294,1542.9596054727667
Sao Tome and Principe,All Ages,Both sexes,DALYs (Disability-Adjusted Life Years),Rate (per 100k),Mycobacterium tuberculosis,Bacteria,All infectious syndromes,2019,373.89677562904296,522.0630287757464,276.33663457145485
Suriname,All Ages,Both sexes,DALYs (Disability-Adjusted Life Years),Rate (per 100k),Mycobacterium tuberculosis,Bacteria,All infectious syndromes,2019,72.28326054817687,88.66042869282306,57.13876779392936
Slovakia,All Ages,Both sexes,DALYs (Disability-Adjusted Life Years),Rate (per 100k),Mycobacterium tuberculosis,Bacteria,All infectious syndromes,2019,17.343063834839782,22.547527967775032,13.112225655068396
Slovenia,All Ages,Both sexes,DALYs (Disability-Adjusted Life Years),Rate (per 100k),Mycobacterium tuberculosis,Bacteria,All infectious syndromes,2019,14.809588085598698,19.728034118265043,11.424475145779033
Sweden,All Ages,Both sexes,DALYs (Disability-Adjusted Life Years),Rate (per 100k),Mycobacterium tuberculosis,Bacteria,All infectious syndromes,2019,12.156901779818005,13.899771525693563,10.472792009118507
Eswatini,All Ages,Both sexes,DALYs (Disability-Adjusted Life Years),Rate (per 100k),Mycobacterium tuberculosis,Bacteria,All infectious syndromes,2019,2754.3931394059523,3799.734206252617,1869.9451025061885
Seychelles,All Ages,Both sexes,DALYs (Disability-Adjusted Life Years),Rate (per 100k),Mycobacterium tuberculosis,Bacteria,All infectious syndromes,2019,116.97305908209927,138.79647334350636,99.01885679582043
Syrian Arab Republic,All Ages,Both sexes,DALYs (Disability-Adjusted Life Years),Rate (per 100k),Mycobacterium tuberculosis,Bacteria,All infectious syndromes,2019,26.426747487201965,36.910206383550175,19.13771472474814
Chad,All Ages,Both sexes,DALYs (Disability-Adjusted Life Years),Rate (per 100k),Mycobacterium tuberculosis,Bacteria,All infectious syndromes,2019,2179.6583452088043,2755.974101060395,1658.1740373284224
Togo,All Ages,Both sexes,DALYs (Disability-Adjusted Life Years),Rate (per 100k),Mycobacterium tuberculosis,Bacteria,All infectious syndromes,2019,1138.0854691915295,1591.8698769540745,793.1481685363871
Thailand,All Ages,Both sexes,DALYs (Disability-Adjusted Life Years),Rate (per 100k),Mycobacterium tuberculosis,Bacteria,All infectious syndromes,2019,262.7493035471144,345.6178259465445,196.29453566039754
Tajikistan,All Ages,Both sexes,DALYs (Disability-Adjusted Life Years),Rate (per 100k),Mycobacterium tuberculosis,Bacteria,All infectious syndromes,2019,419.5930073036189,517.9226145678908,342.43412270092324
Tokelau,All Ages,Both sexes,DALYs (Disability-Adjusted Life Years),Rate (per 100k),Mycobacterium tuberculosis,Bacteria,All infectious syndromes,2019,179.8358426084914,240.178264678688,131.78040442604515
Turkmenistan,All Ages,Both sexes,DALYs (Disability-Adjusted Life Years),Rate (per 100k),Mycobacterium tuberculosis,Bacteria,All infectious syndromes,2019,439.55729851601535,557.404928540124,344.2850481291017
Timor-Leste,All Ages,Both sexes,DALYs (Disability-Adjusted Life Years),Rate (per 100k),Mycobacterium tuberculosis,Bacteria,All infectious syndromes,2019,837.922755740262,1199.027134748403,460.34411558901485
Tonga,All Ages,Both sexes,DALYs (Disability-Adjusted Life Years),Rate (per 100k),Mycobacterium tuberculosis,Bacteria,All infectious syndromes,2019,156.1375180273382,205.44370851337965,118.4169837648894
Trinidad and Tobago,All Ages,Both sexes,DALYs (Disability-Adjusted Life Years),Rate (per 100k),Mycobacterium tuberculosis,Bacteria,All infectious syndromes,2019,50.39794700885564,68.1764572352185,36.355367261574756
Tunisia,All Ages,Both sexes,DALYs (Disability-Adjusted Life Years),Rate (per 100k),Mycobacterium tuberculosis,Bacteria,All infectious syndromes,2019,35.581422265559624,51.94398561111533,23.93623777633176
Turkey,All Ages,Both sexes,DALYs (Disability-Adjusted Life Years),Rate (per 100k),Mycobacterium tuberculosis,Bacteria,All infectious syndromes,2019,40.93281999882119,52.14314360322026,30.770439995183906
Tuvalu,All Ages,Both sexes,DALYs (Disability-Adjusted Life Years),Rate (per 100k),Mycobacterium tuberculosis,Bacteria,All infectious syndromes,2019,336.2010890001729,452.49810552087393,246.47142664638454
Taiwan (Province of China),All Ages,Both sexes,DALYs (Disability-Adjusted Life Years),Rate (per 100k),Mycobacterium tuberculosis,Bacteria,All infectious syndromes,2019,98.4874858576496,134.37134678643378,73.25376976787005
United Republic of Tanzania,All Ages,Both sexes,DALYs (Disability-Adjusted Life Years),Rate (per 100k),Mycobacterium tuberculosis,Bacteria,All infectious syndromes,2019,1560.2127521300451,2051.9927803327673,1201.214652205063
Uganda,All Ages,Both sexes,DALYs (Disability-Adjusted Life Years),Rate (per 100k),Mycobacterium tuberculosis,Bacteria,All infectious syndromes,2019,1514.477445691149,1990.0202275429474,1119.2831483988618
Ukraine,All Ages,Both sexes,DALYs (Disability-Adjusted Life Years),Rate (per 100k),Mycobacterium tuberculosis,Bacteria,All infectious syndromes,2019,384.1397773515835,481.03574772588456,306.8426996077685
Uruguay,All Ages,Both sexes,DALYs (Disability-Adjusted Life Years),Rate (per 100k),Mycobacterium tuberculosis,Bacteria,All infectious syndromes,2019,48.86818103733113,55.47486188183582,42.83790372765763
United States of America,All Ages,Both sexes,DALYs (Disability-Adjusted Life Years),Rate (per 100k),Mycobacterium tuberculosis,Bacteria,All infectious syndromes,2019,7.637544189684052,8.269207387822993,7.053502126117353
Uzbekistan,All Ages,Both sexes,DALYs (Disability-Adjusted Life Years),Rate (per 100k),Mycobacterium tuberculosis,Bacteria,All infectious syndromes,2019,352.6436403832062,427.73618948256757,289.0133244817403
Saint Vincent and the Grenadines,All Ages,Both sexes,DALYs (Disability-Adjusted Life Years),Rate (per 100k),Mycobacterium tuberculosis,Bacteria,All infectious syndromes,2019,87.18516816626529,104.79868077619555,72.53463122781062
Venezuela (Bolivarian Republic of),All Ages,Both sexes,DALYs (Disability-Adjusted Life Years),Rate (per 100k),Mycobacterium tuberculosis,Bacteria,All infectious syndromes,2019,100.034319757073,134.0431284255659,72.53542639174925
United States Virgin Islands,All Ages,Both sexes,DALYs (Disability-Adjusted Life Years),Rate (per 100k),Mycobacterium tuberculosis,Bacteria,All infectious syndromes,2019,26.83184257930416,34.35576382427027,20.7387019066972
Viet Nam,All Ages,Both sexes,DALYs (Disability-Adjusted Life Years),Rate (per 100k),Mycobacterium tuberculosis,Bacteria,All infectious syndromes,2019,550.7777284512869,681.3901400046271,434.0925271651474
Vanuatu,All Ages,Both sexes,DALYs (Disability-Adjusted Life Years),Rate (per 100k),Mycobacterium tuberculosis,Bacteria,All infectious syndromes,2019,553.0443877535312,753.9824066016462,385.7475330189687
Samoa,All Ages,Both sexes,DALYs (Disability-Adjusted Life Years),Rate (per 100k),Mycobacterium tuberculosis,Bacteria,All infectious syndromes,2019,237.7698857059274,358.5688409464864,161.90187704969742
Yemen,All Ages,Both sexes,DALYs (Disability-Adjusted Life Years),Rate (per 100k),Mycobacterium tuberculosis,Bacteria,All infectious syndromes,2019,147.88564238476326,215.95003216805372,99.40076722934141
South Africa,All Ages,Both sexes,DALYs (Disability-Adjusted Life Years),Rate (per 100k),Mycobacterium tuberculosis,Bacteria,All infectious syndromes,2019,1581.0160014329933,1816.613485400459,1383.089112221133
Zambia,All Ages,Both sexes,DALYs (Disability-Adjusted Life Years),Rate (per 100k),Mycobacterium tuberculosis,Bacteria,All infectious syndromes,2019,1753.636595784757,2289.1531541389977,1284.9329260921995
Zimbabwe,All Ages,Both sexes,DALYs (Disability-Adjusted Life Years),Rate (per 100k),Mycobacterium tuberculosis,Bacteria,All infectious syndromes,2019,3080.5254973719193,3938.0153089569712,2328.075589755803
Egypt,All Ages,Both sexes,DALYs (Disability-Adjusted Life Years),Rate (per 100k),Mycobacterium tuberculosis,Bacteria,All infectious syndromes,2019,46.693297505903104,74.16311334706097,32.85922654673362
Sudan,All Ages,Both sexes,DALYs (Disability-Adjusted Life Years),Rate (per 100k),Mycobacterium tuberculosis,Bacteria,All infectious syndromes,2019,127.58483782875253,191.14134399761366,72.38178589000272
China,All Ages,Both sexes,DALYs (Disability-Adjusted Life Years),Rate (per 100k),Mycobacterium tuberculosis,Bacteria,All infectious syndromes,2019,96.57224682298376,119.15137285355844,78.58175320238271